body,utc,tt_jd,tdb_minus_tt_s,ra_deg,dec_deg,dist_km
sun,2020-01-01T12:00:00,2458850.0008007409,-0.000080466,281.149733973,-23.041037826,147096975.684310
moon,2020-01-01T12:00:00,2458850.0008007409,-0.000080466,354.496947116,-7.907316516,404414.397623
venus,2020-01-01T12:00:00,2458850.0008007409,-0.000080466,317.780260954,-18.160875957,190768594.757844
mars,2020-01-01T12:00:00,2458850.0008007409,-0.000080466,236.293194534,-19.464671834,326245493.834677
jupiter,2020-01-01T12:00:00,2458850.0008007409,-0.000080466,277.092094496,-23.188631470,928735072.692193
saturn,2020-01-01T12:00:00,2458850.0008007409,-0.000080466,292.891125945,-21.718031338,1645275849.221979
sun,2020-03-31T12:00:00,2458940.0008007409,0.001649559,10.077849379,4.337767507,149468527.579030
moon,2020-03-31T12:00:00,2458940.0008007409,0.001649559,89.859728326,23.208759313,389213.644147
venus,2020-03-31T12:00:00,2458940.0008007409,0.001649559,53.585965717,22.889232756,98426946.406434
mars,2020-03-31T12:00:00,2458940.0008007409,0.001649559,302.603659144,-21.045838964,219090331.207274
jupiter,2020-03-31T12:00:00,2458940.0008007409,0.001649559,295.958462289,-21.358356120,797180080.532331
saturn,2020-03-31T12:00:00,2458940.0008007409,0.001649559,302.576802492,-20.128998096,1542677077.104904
sun,2020-06-29T12:00:00,2459030.0008007409,0.000120699,98.625662259,23.199879989,152088752.411079
moon,2020-06-29T12:00:00,2459030.0008007409,0.000120699,203.335895876,-4.583073201,369105.131193
venus,2020-06-29T12:00:00,2459030.0008007409,0.000120699,64.213672157,17.273454352,56555660.606823
mars,2020-06-29T12:00:00,2459030.0008007409,0.000120699,1.764050929,-2.609513760,123729540.361253
jupiter,2020-06-29T12:00:00,2459030.0008007409,0.000120699,295.845043870,-21.607802452,624793653.834662
saturn,2020-06-29T12:00:00,2459030.0008007409,0.000120699,302.098855359,-20.368837416,1355880785.475837
sun,2020-09-27T12:00:00,2459120.0008007409,-0.001689792,184.183463528,-1.811264244,149921876.275068
moon,2020-09-27T12:00:00,2459120.0008007409,-0.001689792,319.157620755,-19.981012909,394233.930562
venus,2020-09-27T12:00:00,2459120.0008007409,-0.001689792,145.838604130,13.719754088,156847810.160128
mars,2020-09-27T12:00:00,2459120.0008007409,-0.001689792,25.187202240,6.321086726,62991076.011586
jupiter,2020-09-27T12:00:00,2459120.0008007409,-0.001689792,288.979510784,-22.724019170,719764723.268322
saturn,2020-09-27T12:00:00,2459120.0008007409,-0.001689792,297.057266249,-21.425431759,1437091221.975061
sun,2020-12-26T12:00:00,2459210.0008007409,-0.000281632,275.331052482,-23.346189842,147116954.471718
moon,2020-12-26T12:00:00,2459210.0008007409,-0.000281632,52.167182670,16.533935067,403276.222137
venus,2020-12-26T12:00:00,2459210.0008007409,-0.000281632,251.948982613,-21.512793388,230323598.717851
mars,2020-12-26T12:00:00,2459210.0008007409,-0.000281632,22.663016392,10.294132028,127069959.864399
jupiter,2020-12-26T12:00:00,2459210.0008007409,-0.000281632,303.598697054,-20.350169159,891597959.536384
saturn,2020-12-26T12:00:00,2459210.0008007409,-0.000281632,303.020377112,-20.367340646,1625207904.034639
sun,2021-03-26T12:00:00,2459300.0008007409,0.001649559,5.289922648,2.288672685,149238571.907735
moon,2021-03-26T12:00:00,2459300.0008007409,0.001649559,158.462908352,14.423846715,371607.378577
venus,2021-03-26T12:00:00,2459300.0008007409,0.001649559,5.873415104,1.070080857,257777151.502922
mars,2021-03-26T12:00:00,2459300.0008007409,0.001649559,71.226739599,23.808541197,255804033.799630
jupiter,2021-03-26T12:00:00,2459300.0008007409,0.001649559,324.426577341,-14.827014094,858551423.590604
saturn,2021-03-26T12:00:00,2459300.0008007409,0.001649559,313.235005333,-18.053749874,1572265737.753138
sun,2021-06-24T12:00:00,2459390.0008007409,0.000281632,93.168430518,23.404564748,152053618.471782
moon,2021-06-24T12:00:00,2459390.0008007409,0.000281632,268.926592309,-25.115645106,360978.036994
venus,2021-06-24T12:00:00,2459390.0008007409,0.000281632,118.783772019,22.373680450,227983188.273386
mars,2021-06-24T12:00:00,2459390.0008007409,0.000281632,130.448716294,19.572328624,358200048.962046
jupiter,2021-06-24T12:00:00,2459390.0008007409,0.000281632,334.221209790,-11.726605764,664324500.302009
saturn,2021-06-24T12:00:00,2459390.0008007409,0.000281632,315.086521410,-17.754583055,1369133556.466991
sun,2021-09-22T12:00:00,2459480.0008007409,-0.001649559,179.455900382,0.235965710,150141607.705972
moon,2021-09-22T12:00:00,2459480.0008007409,-0.001649559,17.079632691,3.288632716,395401.659038
venus,2021-09-22T12:00:00,2459480.0008007409,-0.001649559,220.043987378,-17.281941724,142328523.814895
mars,2021-09-22T12:00:00,2459480.0008007409,-0.001649559,184.488234548,-1.108639550,394640898.793403
jupiter,2021-09-22T12:00:00,2459480.0008007409,-0.001649559,325.848608080,-14.939402426,624141204.497414
saturn,2021-09-22T12:00:00,2459480.0008007409,-0.001649559,309.474282625,-19.346798452,1390951554.209449
sun,2021-12-21T12:00:00,2459570.0008007409,-0.000402331,269.491820866,-23.435554050,147163986.813282
moon,2021-12-21T12:00:00,2459570.0008007409,-0.000402331,117.467692841,25.310000865,402703.736660
venus,2021-12-21T12:00:00,2459570.0008007409,-0.000402331,298.053327441,-20.670396264,46294785.709837
mars,2021-12-21T12:00:00,2459570.0008007409,-0.000402331,243.449627505,-21.214209346,358191602.388885
jupiter,2021-12-21T12:00:00,2459570.0008007409,-0.000402331,330.807691695,-13.016746283,812896610.811682
saturn,2021-12-21T12:00:00,2459570.0008007409,-0.000402331,313.193905409,-18.389956361,1592271474.103580
sun,2022-03-21T12:00:00,2459660.0008007409,0.001609325,0.500384418,0.216603594,149009257.290247
moon,2022-03-21T12:00:00,2459660.0008007409,0.001609325,219.407950682,-14.279192808,371674.178747
venus,2022-03-21T12:00:00,2459660.0008007409,0.001609325,315.884443230,-14.784838740,102698756.838026
mars,2022-03-21T12:00:00,2459660.0008007409,0.001609325,313.881319726,-18.483503514,279634418.108337
jupiter,2022-03-21T12:00:00,2459660.0008007409,0.001609325,349.824509549,-5.459761678,889696473.601855
saturn,2022-03-21T12:00:00,2459660.0008007409,0.001609325,323.419617538,-15.457970131,1592793633.794349
sun,2022-06-19T12:00:00,2459750.0008007409,0.000442564,87.707937945,23.419524668,152004119.763225
moon,2022-06-19T12:00:00,2459750.0008007409,0.000442564,340.903900878,-13.471890680,373382.568307
venus,2022-06-19T12:00:00,2459750.0008007409,0.000442564,53.601331717,17.456022445,200075641.845460
mars,2022-06-19T12:00:00,2459750.0008007409,0.000442564,17.726552498,5.559765140,203196461.752417
jupiter,2022-06-19T12:00:00,2459750.0008007409,0.000442564,5.995968442,1.240380902,748660731.386615
saturn,2022-06-19T12:00:00,2459750.0008007409,0.000442564,327.460616477,-14.368560406,1389875810.044342
sun,2022-09-17T12:00:00,2459840.0008007409,-0.001609325,174.744252182,2.274384655,150366216.022380
moon,2022-09-17T12:00:00,2459840.0008007409,-0.001609325,78.606962306,26.014174493,401683.801606
venus,2022-09-17T12:00:00,2459840.0008007409,-0.001609325,166.704811859,7.206315083,253022247.874182
mars,2022-09-17T12:00:00,2459840.0008007409,-0.001609325,73.193939949,21.543534708,129083508.436781
jupiter,2022-09-17T12:00:00,2459840.0008007409,-0.001609325,4.871456296,0.350564529,592970043.105588
saturn,2022-09-17T12:00:00,2459840.0008007409,-0.001609325,322.139113839,-16.291135002,1349574317.246626
sun,2022-12-16T12:00:00,2459930.0008007409,-0.000563264,263.662821220,-23.308290425,147234390.987037
moon,2022-12-16T12:00:00,2459930.0008007409,-0.000563264,177.482125478,5.183981625,394828.522486
venus,2022-12-16T12:00:00,2459930.0008007409,-0.000563264,278.375305089,-24.167361818,246530740.447866
mars,2022-12-16T12:00:00,2459930.0008007409,-0.000563264,70.933557407,24.861642575,85014222.544096
jupiter,2022-12-16T12:00:00,2459930.0008007409,-0.000563264,359.938978801,-1.502225824,712804593.420501
saturn,2022-12-16T12:00:00,2459930.0008007409,-0.000563264,323.486418182,-15.782793699,1548086186.567123
sun,2023-03-16T12:00:00,2460020.0008007409,0.001528859,355.698395653,-1.862799816,148796436.376092
moon,2023-03-16T12:00:00,2460020.0008007409,0.001528859,285.517144282,-27.539566050,368682.816581
venus,2023-03-16T12:00:00,2460020.0008007409,0.001528859,27.067966780,11.259475480,192478065.576081
mars,2023-03-16T12:00:00,2460020.0008007409,0.001528859,84.952663968,25.591754940,194402277.158506
jupiter,2023-03-16T12:00:00,2460020.0008007409,0.001528859,14.338350995,4.950808950,879044608.044348
saturn,2023-03-16T12:00:00,2460020.0008007409,0.001528859,333.245404972,-12.432145603,1602495558.437922
sun,2023-06-14T12:00:00,2460110.0008007409,0.000603497,82.243329517,23.244684307,151939419.452163
moon,2023-06-14T12:00:00,2460110.0008007409,0.000603497,36.702826993,15.143175825,384394.209729
venus,2023-06-14T12:00:00,2460110.0008007409,0.000603497,130.796919305,20.286966895,93999248.006830
mars,2023-06-14T12:00:00,2460110.0008007409,0.000603497,136.981266047,17.884988888,314191867.272060
jupiter,2023-06-14T12:00:00,2460110.0008007409,0.000603497,33.942720838,12.435874225,836801705.377286
saturn,2023-06-14T12:00:00,2460110.0008007409,0.000603497,339.195516414,-10.444586830,1415841583.320532
sun,2023-09-12T12:00:00,2460200.0008007409,-0.001528859,170.029353653,4.292904683,150581280.493633
moon,2023-09-12T12:00:00,2460200.0008007409,-0.001528859,145.090944295,18.849839719,406261.827958
venus,2023-09-12T12:00:00,2460200.0008007409,-0.001528859,133.991912248,11.291554561,59384856.236954
mars,2023-09-12T12:00:00,2460200.0008007409,-0.001528859,189.382267116,-3.463433116,376142674.938521
jupiter,2023-09-12T12:00:00,2460200.0008007409,-0.001528859,43.090223992,15.082518362,648280425.004116
saturn,2023-09-12T12:00:00,2460200.0008007409,-0.001528859,334.941358667,-12.324379103,1316658984.861832
sun,2023-12-11T12:00:00,2460290.0008007409,-0.000683963,257.866649776,-22.967423791,147317135.018362
moon,2023-12-11T12:00:00,2460290.0008007409,-0.000683963,237.250994193,-23.167161892,381522.263396
venus,2023-12-11T12:00:00,2460290.0008007409,-0.000683963,216.005105934,-11.906259983,156695138.076411
mars,2023-12-11T12:00:00,2460290.0008007409,-0.000683963,250.386769566,-22.563097053,371026695.871905
jupiter,2023-12-11T12:00:00,2460290.0008007409,-0.000683963,34.032055983,12.272864094,630543104.853637
saturn,2023-12-11T12:00:00,2460290.0008007409,-0.000683963,333.993298111,-12.544193552,1495067542.659375
sun,2024-03-10T12:00:00,2460380.0008007409,0.001488626,350.878167054,-3.931759904,148593685.100599
moon,2024-03-10T12:00:00,2460380.0008007409,0.001488626,353.345804780,-5.159107863,356939.023628
venus,2024-03-10T12:00:00,2460380.0008007409,0.001488626,330.467113008,-13.167659787,230970001.387177
mars,2024-03-10T12:00:00,2460380.0008007409,0.001488626,322.731892519,-15.891750172,325106816.960468
jupiter,2024-03-10T12:00:00,2460380.0008007409,0.001488626,40.512282699,14.801404894,828729200.647168
saturn,2024-03-10T12:00:00,2460380.0008007409,0.001488626,342.850238862,-9.048487148,1600159303.282597
sun,2024-06-08T12:00:00,2460470.0008007409,0.000724196,76.794148842,22.880954704,151853875.888837
moon,2024-06-08T12:00:00,2460470.0008007409,0.000724196,104.284475785,27.866389272,385101.625358
venus,2024-06-08T12:00:00,2460470.0008007409,0.000724196,77.917700108,23.065502250,259543661.706812
mars,2024-06-08T12:00:00,2460470.0008007409,0.000724196,27.506006980,10.113790011,273757417.673433
jupiter,2024-06-08T12:00:00,2460470.0008007409,0.000724196,60.918361843,20.025136114,896771779.254173
saturn,2024-06-08T12:00:00,2460470.0008007409,0.000724196,350.366110589,-6.202231782,1444207694.704629
sun,2024-09-06T12:00:00,2460560.0008007409,-0.001448393,165.303954334,6.275982070,150780969.408547
moon,2024-09-06T12:00:00,2460560.0008007409,-0.001448393,199.035857943,-9.505278761,405908.930105
venus,2024-09-06T12:00:00,2460560.0008007409,-0.001448393,188.951509771,-2.946979922,223165749.379859
mars,2024-09-06T12:00:00,2460560.0008007409,-0.001448393,90.727328639,23.442258463,209175881.350873
jupiter,2024-09-06T12:00:00,2460560.0008007409,-0.001448393,78.396952124,22.302292859,753556800.002628
saturn,2024-09-06T12:00:00,2460560.0008007409,-0.001448393,347.791937321,-7.614250240,1295302552.717480
sun,2024-12-05T12:00:00,2460650.0008007409,-0.000804663,252.111431312,-22.417635555,147416658.699105
moon,2024-12-05T12:00:00,2460650.0008007409,-0.000804663,307.322133360,-23.498292588,382456.649476
venus,2024-12-05T12:00:00,2460650.0008007409,-0.000804663,300.212035137,-23.007111461,141016437.230870
mars,2024-12-05T12:00:00,2460650.0008007409,-0.000804663,128.902408979,21.486494547,116314527.712271
jupiter,2024-12-05T12:00:00,2460650.0008007409,-0.000804663,75.115709908,22.052089653,611779656.513681
saturn,2024-12-05T12:00:00,2460650.0008007409,-0.000804663,344.836148920,-8.684148559,1436421793.770072
sun,2025-03-05T12:00:00,2460740.0008007409,0.001408160,346.017144582,-5.979760851,148390403.528473
moon,2025-03-05T12:00:00,2460740.0008007409,0.001408160,56.046478451,24.574137997,370201.177988
venus,2025-03-05T12:00:00,2460740.0008007409,0.001408160,6.447147218,10.883143653,48015645.267274
mars,2025-03-05T12:00:00,2460740.0008007409,0.001408160,109.112363374,25.710895524,134528407.884055
jupiter,2025-03-05T12:00:00,2460740.0008007409,0.001408160,70.882050907,21.887271554,755485118.397694
saturn,2025-03-05T12:00:00,2460740.0008007409,0.001408160,352.390297702,-5.366096356,1585193686.290116
sun,2025-06-03T12:00:00,2460830.0008007409,0.000844896,71.374801635,22.331807140,151740774.153210
moon,2025-06-03T12:00:00,2460830.0008007409,0.000844896,168.026001754,5.796269543,397193.450109
venus,2025-06-03T12:00:00,2460830.0008007409,0.000844896,25.878948050,8.279416608,107527107.825086
mars,2025-06-03T12:00:00,2460830.0008007409,0.000844896,144.881504541,15.496846222,256681773.684827
jupiter,2025-06-03T12:00:00,2460830.0008007409,0.000844896,88.051813904,23.249386430,913460620.343440
saturn,2025-06-03T12:00:00,2460830.0008007409,0.000844896,1.111686162,-1.825826128,1471914961.185117
sun,2025-09-01T12:00:00,2460920.0008007409,-0.001367927,160.560003420,8.209624693,150963999.236206
moon,2025-09-01T12:00:00,2460920.0008007409,-0.001367927,261.639295652,-28.481650528,399468.676562
venus,2025-09-01T12:00:00,2460920.0008007409,-0.001367927,130.256962886,18.460499241,203396740.876969
mars,2025-09-01T12:00:00,2460920.0008007409,-0.001367927,194.725947010,-6.022706748,338777144.110148
jupiter,2025-09-01T12:00:00,2460920.0008007409,-0.001367927,109.073901712,22.246342054,858301033.796614
saturn,2025-09-01T12:00:00,2460920.0008007409,-0.001367927,0.641913577,-2.425383562,1287438183.731003
sun,2025-11-30T12:00:00,2461010.0008007409,-0.000925362,246.420528375,-21.667210316,147536549.704108
moon,2025-11-30T12:00:00,2461010.0008007409,-0.000925362,4.741533762,4.110457800,370171.941399
venus,2025-11-30T12:00:00,2461010.0008007409,-0.000925362,237.165554983,-19.273026584,251512112.889508
mars,2025-11-30T12:00:00,2461010.0008007409,-0.000925362,257.507753320,-23.600778113,362607507.178182
jupiter,2025-11-30T12:00:00,2461010.0008007409,-0.000925362,116.125076317,21.426468307,668248434.893677
saturn,2025-11-30T12:00:00,2461010.0008007409,-0.000925362,356.166549046,-4.241945498,1376214374.015194
sun,2026-02-28T12:00:00,2461100.0008007409,0.001327693,341.105612926,-7.990738152,148191143.891501
moon,2026-02-28T12:00:00,2461100.0008007409,0.001327693,124.807671777,22.847537187,373541.171921
venus,2026-02-28T12:00:00,2461100.0008007409,0.001327693,353.404081286,-4.337989957,248075527.710934
mars,2026-02-28T12:00:00,2461100.0008007409,0.001327693,330.549737541,-13.198249971,350357231.533610
jupiter,2026-02-28T12:00:00,2461100.0008007409,0.001327693,106.215463165,22.945111473,687708810.158070
saturn,2026-02-28T12:00:00,2461100.0008007409,0.001327693,2.042607461,-1.437696096,1557720439.622495
sun,2026-05-29T12:00:00,2461190.0008007409,0.000925362,65.996398370,21.602998358,151615242.346652
moon,2026-05-29T12:00:00,2461190.0008007409,0.000925362,223.372390795,-21.580834278,403968.173317
venus,2026-05-29T12:00:00,2461190.0008007409,0.000925362,103.309068936,24.756722513,190364179.320721
mars,2026-05-29T12:00:00,2461190.0008007409,0.000925362,35.401345240,13.408799664,327554587.806229
jupiter,2026-05-29T12:00:00,2461190.0008007409,0.000925362,115.148189978,21.840800452,886522636.019224
saturn,2026-05-29T12:00:00,2461190.0008007409,0.000925362,11.604547401,2.537418586,1495969441.954859
sun,2026-08-27T12:00:00,2461280.0008007409,-0.001287460,155.775029350,10.085840154,151140971.324215
moon,2026-08-27T12:00:00,2461280.0008007409,-0.001287460,328.265074511,-13.194036171,392866.090117
venus,2026-08-27T12:00:00,2461280.0008007409,-0.001287460,196.527121262,-10.085145083,88154339.324277
mars,2026-08-27T12:00:00,2461280.0008007409,-0.001287460,101.083414458,23.513333630,280358292.291235
jupiter,2026-08-27T12:00:00,2461280.0008007409,-0.001287460,134.994219018,17.585436562,930891225.187669
saturn,2026-08-27T12:00:00,2461280.0008007409,-0.001287460,13.485812179,2.913179387,1293449264.632644
sun,2026-11-25T12:00:00,2461370.0008007409,-0.001046062,240.800576120,-20.726127162,147671171.900776
moon,2026-11-25T12:00:00,2461370.0008007409,-0.001046062,73.387399988,27.254414501,359466.267972
venus,2026-11-25T12:00:00,2461370.0008007409,-0.001046062,203.348979800,-9.070834669,58423830.582624
mars,2026-11-25T12:00:00,2461370.0008007409,-0.001046062,152.321868392,13.701399278,183321228.002242
jupiter,2026-11-25T12:00:00,2461370.0008007409,-0.001046062,148.664309826,13.534278325,765694044.379797
saturn,2026-11-25T12:00:00,2461370.0008007409,-0.001046062,8.161351566,0.684009212,1319235228.165987
sun,2027-02-23T12:00:00,2461460.0008007409,0.001247227,336.136844070,-9.946989275,148004224.681933
moon,2027-02-23T12:00:00,2461460.0008007409,0.001247227,185.734110246,-6.741298112,374384.053367
venus,2027-02-23T12:00:00,2461460.0008007409,0.001247227,294.406664968,-20.401696410,156866204.869207
mars,2027-02-23T12:00:00,2461460.0008007409,0.001247227,152.597571724,16.016377020,101621192.765808
jupiter,2027-02-23T12:00:00,2461460.0008007409,0.001247227,142.786672145,15.817281164,656296749.538481
saturn,2027-02-23T12:00:00,2461460.0008007409,0.001247227,12.007267193,2.679007150,1518694437.290106
sun,2027-05-24T12:00:00,2461550.0008007409,0.001046062,60.674087770,20.702702159,151483510.093402
moon,2027-05-24T12:00:00,2461550.0008007409,0.001046062,290.065410306,-24.344717924,404087.961862
venus,2027-05-24T12:00:00,2461550.0008007409,0.001046062,39.350136242,13.859498445,234361860.615818
mars,2027-05-24T12:00:00,2461550.0008007409,0.001046062,155.971894045,11.569660073,189903049.124009
jupiter,2027-05-24T12:00:00,2461550.0008007409,0.001046062,141.845836753,16.003915738,826285221.707634
saturn,2027-05-24T12:00:00,2461550.0008007409,0.001046062,22.028478931,6.767157457,1513670029.027305
sun,2027-08-22T12:00:00,2461640.0008007409,-0.001206994,150.944200385,11.888957293,151314784.021064
moon,2027-08-22T12:00:00,2461640.0008007409,-0.001206994,23.333953045,15.233658789,391192.369563
venus,2027-08-22T12:00:00,2461640.0008007409,-0.001206994,154.209418942,12.167543205,258289183.990337
mars,2027-08-22T12:00:00,2461640.0008007409,-0.001206994,201.024159703,-8.994832213,283901494.650545
jupiter,2027-08-22T12:00:00,2461640.0008007409,-0.001206994,157.551310343,10.381355003,957526302.088535
saturn,2027-08-22T12:00:00,2461640.0008007409,-0.001206994,26.345486657,8.056410454,1312040841.938599
sun,2027-11-20T12:00:00,2461730.0008007409,-0.001166761,235.267022373,-19.607718188,147825237.607857
moon,2027-11-20T12:00:00,2461730.0008007409,-0.001166761,142.488261250,13.293537609,369983.493242
venus,2027-11-20T12:00:00,2461730.0008007409,-0.001166761,262.767496422,-24.418642133,220694794.773171
mars,2027-11-20T12:00:00,2461730.0008007409,-0.001166761,265.208885669,-24.340311198,332231164.371481
jupiter,2027-11-20T12:00:00,2461730.0008007409,-0.001166761,174.031705294,3.769797727,862704646.888332
saturn,2027-11-20T12:00:00,2461730.0008007409,-0.001166761,21.002428459,5.896252666,1270760754.264912
sun,2028-02-18T12:00:00,2461820.0008007409,0.001166761,331.093634914,-11.834652083,147840767.287457
moon,2028-02-18T12:00:00,2461820.0008007409,0.001166761,250.650497612,-26.249092516,391733.278190
venus,2028-02-18T12:00:00,2461820.0008007409,0.001166761,11.331842452,5.195035100,142631245.520961
mars,2028-02-18T12:00:00,2461820.0008007409,0.001166761,337.954597960,-10.327952102,352677355.155698
jupiter,2028-02-18T12:00:00,2461820.0008007409,0.001166761,176.001412956,3.332619010,677018590.110564
saturn,2028-02-18T12:00:00,2461820.0008007409,0.001166761,22.510793328,6.905099174,1470006537.121778
sun,2028-05-18T12:00:00,2461910.0008007409,0.001166761,55.404870832,19.637903700,151337825.266386
moon,2028-05-18T12:00:00,2461910.0008007409,0.001166761,349.183841816,-0.083508655,403505.559484
venus,2028-05-18T12:00:00,2461910.0008007409,0.001166761,76.763927652,26.496788924,47443607.205430
mars,2028-05-18T12:00:00,2461910.0008007409,0.001166761,42.516863722,16.059386110,360762016.149833
jupiter,2028-05-18T12:00:00,2461910.0008007409,0.001166761,168.736996729,6.333424347,751009564.343250
saturn,2028-05-18T12:00:00,2461910.0008007409,0.001166761,32.566352635,10.755841439,1522827720.723081
sun,2028-08-16T12:00:00,2462000.0008007409,-0.001126528,146.063183115,13.604377565,151472239.395886
moon,2028-08-16T12:00:00,2462000.0008007409,-0.001126528,90.237028642,25.419581912,375586.090012
venus,2028-08-16T12:00:00,2462000.0008007409,-0.001126528,98.674059267,20.227653444,112692046.299626
mars,2028-08-16T12:00:00,2462000.0008007409,-0.001126528,108.866054277,23.046798870,336585294.508776
jupiter,2028-08-16T12:00:00,2462000.0008007409,-0.001126528,178.676446025,1.803373068,935825431.912250
saturn,2028-08-16T12:00:00,2462000.0008007409,-0.001126528,39.250655907,12.693599667,1340448776.094918
sun,2028-11-14T12:00:00,2462090.0008007409,-0.001287460,229.834028859,-18.327505677,147994060.519923
moon,2028-11-14T12:00:00,2462090.0008007409,-0.001287460,200.476095639,-14.044375543,363642.017858
venus,2028-11-14T12:00:00,2462090.0008007409,-0.001287460,200.554191493,-6.749108669,203529500.319131
mars,2028-11-14T12:00:00,2462090.0008007409,-0.001287460,163.663759445,8.863935095,251426038.660300
jupiter,2028-11-14T12:00:00,2462090.0008007409,-0.001287460,196.026674148,-5.590267418,932022633.942528
saturn,2028-11-14T12:00:00,2462090.0008007409,-0.001287460,34.832330516,11.063769921,1235922608.135590
sun,2029-02-12T12:00:00,2462180.0008007409,0.001046062,325.975380164,-13.633993907,147694217.226322
moon,2029-02-12T12:00:00,2462180.0008007409,0.001046062,314.747875171,-14.424630519,396761.272460
venus,2029-02-12T12:00:00,2462180.0008007409,0.001046062,316.723174989,-17.620765621,251570096.132495
mars,2029-02-12T12:00:00,2462180.0008007409,0.001046062,193.667791178,-2.337110167,126583208.965511
jupiter,2029-02-12T12:00:00,2462180.0008007409,0.001046062,205.579591710,-9.072049625,738831459.823246
saturn,2029-02-12T12:00:00,2462180.0008007409,0.001046062,33.809503740,11.119586753,1414617706.714108
sun,2029-05-13T12:00:00,2462270.0008007409,0.001247227,50.201082385,18.419505451,151172538.280228
moon,2029-05-13T12:00:00,2462270.0008007409,0.001247227,48.419417400,21.611451398,402197.254922
venus,2029-05-13T12:00:00,2462270.0008007409,0.001247227,63.756846777,21.445470528,249365188.487618
mars,2029-05-13T12:00:00,2462270.0008007409,0.001247227,175.842610781,3.301103483,122578785.424337
jupiter,2029-05-13T12:00:00,2462270.0008007409,0.001247227,197.667296001,-5.871023526,685629734.017371
saturn,2029-05-13T12:00:00,2462270.0008007409,0.001247227,43.395531495,14.395957659,1521891478.222106
sun,2029-08-11T12:00:00,2462360.0008007409,-0.001005828,141.125238132,15.219438006,151614364.449905
moon,2029-08-11T12:00:00,2462360.0008007409,-0.001005828,157.523187749,4.444077995,368439.851864
venus,2029-08-11T12:00:00,2462360.0008007409,-0.001005828,175.403450883,2.965935061,184583792.361064
mars,2029-08-11T12:00:00,2462360.0008007409,-0.001005828,209.427075912,-12.825105403,214199027.277366
jupiter,2029-08-11T12:00:00,2462360.0008007409,-0.001005828,200.536771770,-7.421704654,871441436.570415
saturn,2029-08-11T12:00:00,2462360.0008007409,-0.001005828,52.217538996,16.581042114,1374916817.661568
sun,2029-11-09T12:00:00,2462450.0008007409,-0.001367927,224.493283548,-16.897941407,148173987.296581
moon,2029-11-09T12:00:00,2462450.0008007409,-0.001367927,273.248140475,-22.736370894,368172.623335
venus,2029-11-09T12:00:00,2462450.0008007409,-0.001367927,273.546966282,-27.293670736,85019715.690523
mars,2029-11-09T12:00:00,2462450.0008007409,-0.001367927,274.064396339,-24.716962011,280843672.754469
jupiter,2029-11-09T12:00:00,2462450.0008007409,-0.001367927,217.431128191,-13.731167615,959014636.539250
saturn,2029-11-09T12:00:00,2462450.0008007409,-0.001367927,49.677012336,15.726556616,1218767735.356804
sun,2030-02-07T12:00:00,2462540.0008007409,0.000925362,320.768868627,-15.331042290,147550838.114521
moon,2030-02-07T12:00:00,2462540.0008007409,0.000925362,12.552963413,10.513477594,399595.999571
venus,2030-02-07T12:00:00,2462540.0008007409,0.000925362,281.143514202,-16.871254308,58753420.031365
mars,2030-02-07T12:00:00,2462540.0008007409,0.000925362,345.380358132,-7.178025113,331700101.655463
jupiter,2030-02-07T12:00:00,2462540.0008007409,0.000925362,233.377799021,-18.086376137,815018979.869442
saturn,2030-02-07T12:00:00,2462540.0008007409,0.000925362,46.173625532,15.129685193,1356592939.079107
sun,2030-05-08T12:00:00,2462630.0008007409,0.001367927,45.069286414,17.059860916,150984947.853574
moon,2030-05-08T12:00:00,2462630.0008007409,0.001367927,113.196467711,18.611469973,398515.600692
venus,2030-05-08T12:00:00,2462630.0008007409,0.001367927,6.818206011,1.164113830,160240803.310737
mars,2030-05-08T12:00:00,2462630.0008007409,0.001367927,49.331773781,18.305245233,372080293.621520
jupiter,2030-05-08T12:00:00,2462630.0008007409,0.001367927,230.887353996,-17.352495138,656929619.074746
saturn,2030-05-08T12:00:00,2462630.0008007409,0.001367927,54.678324753,17.567892055,1510154972.056239
sun,2030-08-06T12:00:00,2462720.0008007409,-0.000885129,136.129285028,16.720919560,151738404.330438
moon,2030-08-06T12:00:00,2462720.0008007409,-0.000885129,217.757814179,-17.793163583,371517.164873
venus,2030-08-06T12:00:00,2462720.0008007409,-0.000885129,115.720960505,21.568086405,237271846.797966
mars,2030-08-06T12:00:00,2462720.0008007409,-0.000885129,115.422650642,22.312250814,375015276.700343
jupiter,2030-08-06T12:00:00,2462720.0008007409,-0.000885129,225.874056977,-16.356155252,778077617.596252
saturn,2030-08-06T12:00:00,2462720.0008007409,-0.000885129,65.229768033,19.552276404,1411291989.150907
sun,2030-11-04T12:00:00,2462810.0008007409,-0.001488626,219.248194997,-15.335763259,148365647.983401
moon,2030-11-04T12:00:00,2462810.0008007409,-0.001488626,336.398232467,-4.217332027,384705.260774
venus,2030-11-04T12:00:00,2462810.0008007409,-0.001488626,223.239105909,-15.885067697,255882664.897235
mars,2030-11-04T12:00:00,2462810.0008007409,-0.001488626,171.094134450,5.447716971,310443924.679321
jupiter,2030-11-04T12:00:00,2462810.0008007409,-0.001488626,240.271917639,-19.986256811,937693099.933485
saturn,2030-11-04T12:00:00,2462810.0008007409,-0.001488626,65.347671444,19.375825962,1221298914.343231
sun,2000-01-01T12:00:00,2451545.0007428704,-0.000080466,281.288984000,-23.033251079,147103719.128918
moon,2000-01-01T12:00:00,2451545.0007428704,-0.000080466,222.458925631,-10.903383797,402416.664647
venus,2000-01-01T12:00:00,2451545.0007428704,-0.000080466,239.901182168,-18.451853395,170179432.423364
mars,2000-01-01T12:00:00,2451545.0007428704,-0.000080466,330.524600893,-13.180499386,276709365.719931
jupiter,2000-01-01T12:00:00,2451545.0007428704,-0.000080466,23.869833948,8.595900660,691317960.076637
saturn,2000-01-01T12:00:00,2451545.0007428704,-0.000080466,38.766011995,12.616278444,1294439913.223498
sun,2016-12-31T23:59:59,2457754.5007775924,-0.000040233,281.447819667,-23.019848545,147105264.654836
moon,2016-12-31T23:59:59,2457754.5007775924,-0.000040233,313.505073374,-15.401850063,391318.356414
venus,2016-12-31T23:59:59,2457754.5007775924,-0.000040233,329.971577088,-13.778774617,115109259.220748
mars,2016-12-31T23:59:59,2457754.5007775924,-0.000040233,341.204828863,-8.898467139,245419815.715445
jupiter,2016-12-31T23:59:59,2457754.5007775924,-0.000040233,199.803368065,-6.972828165,829786259.472675
saturn,2016-12-31T23:59:59,2457754.5007775924,-0.000040233,260.449714157,-21.861235481,1641097139.754364
sun,2026-08-04T12:00:00,2461257.0008007409,-0.000804663,134.229201253,17.255871804,151770780.913665
moon,2026-08-04T12:00:00,2461257.0008007409,-0.000804663,18.168564408,12.174030217,379443.441320
venus,2026-08-04T12:00:00,2461257.0008007409,-0.000804663,177.386263301,0.775091526,115520856.334231
mars,2026-08-04T12:00:00,2461257.0008007409,-0.000804663,84.608070885,23.483842699,296646007.050002
jupiter,2026-08-04T12:00:00,2461257.0008007409,-0.000804663,129.901088264,18.893171330,942290627.130884
saturn,2026-08-04T12:00:00,2461257.0008007409,-0.000804663,14.157557952,3.296543323,1337684020.224886
